{
  "project_info": {
    "project_number": "491215206819",
    "firebase_url": "https://bhuvan-40543.firebaseio.com",
    "project_id": "bhuvan-40543",
    "storage_bucket": "bhuvan-40543.appspot.com"
  },
  "client": [
    {
      "client_info": {
        "mobilesdk_app_id": "1:491215206819:android:21bb8622975c40216dc216",
        "android_client_info": {
          "package_name": "net.smallacademy.authenticatorapp"
        }
      },
      "oauth_client": [
        {
          "client_id": "491215206819-fjaao984bm2kn7ntlu09mk35h1nptr39.apps.googleusercontent.com",
          "client_type": 3
        }
      ],
      "api_key": [
        {
          "current_key": "AIzaSyDA_0T1ATjtSOBSlCSJ1bpxMLpW74rG6-U"
        }
      ],
      "services": {
        "appinvite_service": {
          "other_platform_oauth_client": [
            {
              "client_id": "491215206819-fjaao984bm2kn7ntlu09mk35h1nptr39.apps.googleusercontent.com",
              "client_type": 3
            }
          ]
        }
      }
    }
  ],
  "configuration_version": "1"
}