{
  "project_info": {
    "project_number": "644878664700",
    "firebase_url": "https://astral-trees-253613.firebaseio.com",
    "project_id": "astral-trees-253613",
    "storage_bucket": "astral-trees-253613.appspot.com"
  },
  "client": [
    {
      "client_info": {
        "mobilesdk_app_id": "1:644878664700:android:5d93aabe5f1904de6ba879",
        "android_client_info": {
          "package_name": "net.Developers.HiredInn"
        }
      },
      "oauth_client": [
        {
          "client_id": "644878664700-7g8ftar2101bh1ltj3aodogbajf3nqt5.apps.googleusercontent.com",
          "client_type": 3
        }
      ],
      "api_key": [
        {
          "current_key": "AIzaSyCkC-Qk0jRy7fX1VmojhdeDbUlCysTpT0Q"
        }
      ],
      "services": {
        "appinvite_service": {
          "other_platform_oauth_client": [
            {
              "client_id": "644878664700-7g8ftar2101bh1ltj3aodogbajf3nqt5.apps.googleusercontent.com",
              "client_type": 3
            }
          ]
        }
      }
    }
  ],
  "configuration_version": "1"
}